<?xml version="1.0" encoding="utf-8"?>
<lectii_content xmlns:xsi="http://www.w3.org/2001/XMLSchema-instance" xmlns:xsd="http://www.w3.org/2001/XMLSchema">
  <lectie filePath="" difficulty="1" probleme="" teste="" id="1" title="C++">
    <lectie filePath="lectii\01PseudocodulCefaceprog.htm" difficulty="1" probleme="" teste="" id="2" title="Pseudocod" />
    <lectie filePath="lectii\04CPPCefaceprog.htm" difficulty="1" probleme="" teste="" id="5" title="Tipuri de baza" />
    <lectie filePath="lectii\03LimbajulC.htm" difficulty="1" probleme="" teste="" id="4" title="Instructiuni in C++" />
    <lectie filePath="lectii\02Citiri-afisari.htm" difficulty="1" probleme="" teste="" id="3" title="Citiri si afisari" />
    <lectie filePath="lectii\05BazeNumeratie.htm" difficulty="1" probleme="" teste="" id="6" title="Baze de numeratie" />
    <lectie filePath="lectii\06Tablouri.htm" difficulty="2" probleme="3,4,9" teste="" id="7" title="Tablouri" />
    <lectie filePath="lectii\07Subprograme.htm" difficulty="2" probleme="" teste="" id="8" title="Subprograme" />
    <lectie filePath="lectii\09Backtracking.htm" difficulty="3" probleme="72,75,76,77,78,79,81,82,83,84,85,87,88,89,90,92,91,93,95,97,96,98,94,99,100,101,103,104,105,102,106,107" teste="" id="9" title="Backtracking" />
    <lectie filePath="lectii\13Recursivitate.htm" difficulty="1" probleme="8" teste="" id="13" title="Resursivitate" />
    <lectie filePath="lectii\10ListeLiniare.htm" difficulty="2" probleme="18,19,20,22,30,31,33,35,36,37,34,38,40,41,42,39,44,43,45,47,53" teste="" id="10" title="Liste liniare" />
    <lectie filePath="lectii\11Grafuri.htm" difficulty="3" probleme="125,126,128,130,131,109,112,113,111,116,117,118,115,120,114,119,121,122,123" teste="" id="11" title="Grafuri" />
    <lectie filePath="lectii\12Arbori.htm" difficulty="3" probleme="129" teste="" id="12" title="Arbori" />
  </lectie>
</lectii_content>